
 {
  "patient": [ {
  "est.timeProcessing":"across-the-board-timezone",
  "est.timezoneOffset":-480.0,
  "est.timezone":"America/Anchorage",
  "est.annotations":"tz-inferred-from-cgm.upload.imputed",
  "time":"2018-05-28T08:01:28.000Z",
  "type":"cbg",
  "timezoneOffset":-480,
  "uploadId":"44f30f87c50b691d005f3d7acba56518",
  "id":"38983a0b762ce8696d662a6860286c8669edcec",
  "est.type":"DEVICE",
  "conversionOffset":0,
  "est.localTime":"2018-05-28 00:01:28",
  "clockDriftOffset":0.0,
  "deviceId":"3276acbd",
  "deviceTime":"2018-05-28T00:01:28",
  "units":"mmol/L",
  "value":8.32612
 },
 {
  "est.timeProcessing":"across-the-board-timezone",
  "est.timezoneOffset":-480.0,
  "est.timezone":"America/Anchorage",
  "est.annotations":"tz-inferred-from-cgm.upload.imputed",
  "time":"2018-05-28T08:06:28.000Z",
  "type":"cbg",
  "timezoneOffset":-480,
  "uploadId":"44f30f87c50b691d005f3d7acba56518",
  "id":"1003d9506d0a667097ea8ccae7f5912c69edcec",
  "est.type":"DEVICE",
  "conversionOffset":0,
  "est.localTime":"2018-05-28 00:06:28",
  "clockDriftOffset":0.0,
  "deviceId":"3276acbd",
  "deviceTime":"2018-05-28T00:06:28",
  "units":"mmol/L",
  "value":7.882060000000001
 }
]
}

